{"max_drawdown":-177.04759826368397,"total_chunks":14,"return_std":7.046430969371448,"total_pnl":142.87180314266075,"avg_loss":-20.787143866191453,"largest_loss":-63.73767662336282,"_runtime":0,"profit_factor":1.190919023024704,"return_range":25.659337876916187,"avg_chunk_return":1.0990138703281558,"total_trades":67,"largest_win":73.78390577983708,"_timestamp":1.7549028436191134e+09,"consecutive_wins":5,"best_chunk":16.345624956035955,"sharpe_ratio":0.1559674500616288,"risk_adjusted_return":20.27576850801181,"_wandb":{"runtime":0},"worst_chunk":-9.313712920880231,"win_loss_ratio":1.3830027364157857,"avg_win":28.748676849211396,"win_rate":0.4626865671641791,"consecutive_losses":6,"profitability_rate":0.5,"profitable_chunks":7,"_step":1,"calmar_ratio":0.0062074486245859775}