{"profit_factor":0.7474252598813071,"win_rate":0.21666666666666667,"consecutive_wins":2,"profitable_chunks":5,"_step":1,"total_pnl":-558.5549508729202,"_wandb":{"runtime":0},"_runtime":0,"consecutive_losses":8,"total_chunks":14,"total_trades":60,"_timestamp":1.7549027716060734e+09,"avg_loss":-47.05200482569422,"largest_loss":-195.29672198525168,"best_chunk":18.33674566721593,"risk_adjusted_return":-41.752387380993596,"worst_chunk":-29.455773867549727,"return_std":13.377796717971247,"return_range":47.79251953476566,"avg_win":127.14532891805442,"win_loss_ratio":2.702229785724725,"largest_win":203.4223039134125,"avg_chunk_return":-4.2965765451763085,"max_drawdown":-782.4042512341878,"profitability_rate":0.35714285714285715,"calmar_ratio":-0.005491504600593313,"sharpe_ratio":-0.3211722106230276}