{"avg_loss":-41.670605632713155,"avg_win":74.80409973932592,"profitable_chunks":7,"_timestamp":1.7549029567401419e+09,"_step":1,"avg_chunk_return":1.7888278240372608,"return_std":7.763490834429064,"consecutive_wins":3,"profitability_rate":0.6363636363636364,"risk_adjusted_return":25.345693688652293,"worst_chunk":-10.22656168433774,"consecutive_losses":7,"total_chunks":11,"total_trades":40,"total_pnl":196.77106064409864,"largest_win":109.61974038118493,"win_rate":0.4,"profit_factor":1.1967524606138125,"win_loss_ratio":1.7951286909207194,"_wandb":{"runtime":0},"_runtime":0,"return_range":24.805110651787786,"sharpe_ratio":0.23041539716956635,"best_chunk":14.578548967450047,"max_drawdown":-203.18546276330582,"calmar_ratio":0.008803916381168946,"largest_loss":-96.71852244305467}