{"largest_win":57.65364147999009,"win_loss_ratio":1.8846998423442658,"return_std":11.032099375972592,"total_chunks":3,"max_drawdown":-141.33430390603988,"total_pnl":-8.876016847053524,"_step":1,"profitability_rate":0.3333333333333333,"risk_adjusted_return":-0.8045628075455051,"total_trades":61,"_runtime":0,"_wandb":{"runtime":0},"largest_loss":-72.3364764999829,"avg_win":39.706850443912444,"_timestamp":1.7548784511915753e+09,"consecutive_wins":5,"consecutive_losses":7,"worst_chunk":-13.77698183550351,"avg_chunk_return":-0.29586722823511213,"profitable_chunks":1,"avg_loss":-21.067996904230363,"calmar_ratio":-0.0020933858239525977,"win_rate":0.3442622950819672,"profit_factor":0.9894674172307393,"best_chunk":13.245828705898635,"sharpe_ratio":-0.026818760251516353,"return_range":27.022810541402144}