{"worst_chunk":-13.455703661760005,"total_trades":54,"consecutive_wins":2,"largest_loss":-128.85831150332638,"avg_loss":-37.230215000012784,"_wandb":{"runtime":0},"profitability_rate":0.3333333333333333,"total_pnl":405.80311999008603,"_runtime":0,"sharpe_ratio":0.4578131953857467,"win_rate":0.3333333333333333,"total_chunks":3,"return_std":29.546484904041957,"best_chunk":54.64863783817439,"calmar_ratio":0.09615053575655771,"consecutive_losses":7,"avg_win":97.00504777725254,"largest_win":306.68070100847024,"avg_chunk_return":13.526770666336176,"profitable_chunks":1,"profit_factor":1.3027731343643763,"_timestamp":1.7549027784506593e+09,"_step":1,"win_loss_ratio":2.6055462687287525,"risk_adjusted_return":13.734395861572427,"return_range":68.10434149993439,"max_drawdown":-140.68325839165817}