{"win_loss_ratio":1.5575263153837333,"total_pnl":441.3333514777137,"_wandb":{"runtime":0},"_step":1,"_runtime":0,"worst_chunk":-29.23436923411903,"avg_win":71.39120201180177,"calmar_ratio":0.04795958023490771,"win_rate":0.43529411764705883,"_timestamp":1.7548784179390433e+09,"risk_adjusted_return":10.034100902710572,"avg_loss":-45.83627339497815,"sharpe_ratio":0.33447003009035187,"total_chunks":3,"best_chunk":74.8073144525697,"avg_chunk_return":14.711111715923765,"largest_loss":-179.15714174466282,"consecutive_wins":4,"total_trades":85,"largest_win":283.5957569766385,"return_std":43.983347960801716,"profitable_chunks":1,"return_range":104.04168368668873,"max_drawdown":-306.73979304798377,"profitability_rate":0.3333333333333333,"consecutive_losses":6,"profit_factor":1.2005932014416283}