{"calmar_ratio":0.03954114127001569,"total_chunks":3,"consecutive_losses":8,"profit_factor":1.1928285436957027,"sharpe_ratio":0.2987642063589138,"total_pnl":242.23741143029275,"avg_win":65.15084946024537,"largest_loss":-122.30225634215024,"max_drawdown":-204.2070643806316,"consecutive_wins":6,"total_trades":68,"return_range":64.47972597445376,"return_std":27.026598933707355,"best_chunk":44.644447581092386,"win_rate":0.3382352941176471,"profitable_chunks":1,"worst_chunk":-19.835278393361374,"avg_chunk_return":8.074580381009744,"_timestamp":1.7548783959238973e+09,"_step":1,"win_loss_ratio":2.3337949767959403,"risk_adjusted_return":8.96292619076743,"avg_loss":-27.916269470118905,"_wandb":{"runtime":0},"_runtime":0,"profitability_rate":0.3333333333333333,"largest_win":100.14019664954836}