{"risk_adjusted_return":11.039702579042379,"consecutive_wins":6,"_wandb":{"runtime":0},"calmar_ratio":0.002047834396725151,"return_std":5.729063890999419,"return_range":18.456102272945987,"avg_loss":-22.13117278535954,"total_pnl":63.24716141296485,"win_loss_ratio":1.160742976709766,"_runtime":0,"_step":1,"total_chunks":14,"avg_win":25.68860337695639,"sharpe_ratio":0.08492078906955698,"avg_chunk_return":0.48651662625357706,"profit_factor":1.1143132576413748,"best_chunk":10.315256624175346,"profitability_rate":0.42857142857142855,"consecutive_losses":8,"profitable_chunks":6,"largest_win":34.96347403581531,"_timestamp":1.754878373940783e+09,"win_rate":0.4897959183673469,"worst_chunk":-8.140845648770641,"largest_loss":-55.62559798308956,"max_drawdown":-237.5761570523491,"total_trades":49}