{"consecutive_wins":4,"return_range":185.86665351954701,"max_drawdown":-12.238013394633981,"consecutive_losses":7,"win_rate":0.30612244897959184,"sharpe_ratio":0.7517021272335308,"win_loss_ratio":3.777497399099601,"total_pnl":1923.9604520833905,"_step":1,"total_trades":49,"_wandb":{"runtime":0},"best_chunk":184.64285218008362,"worst_chunk":-1.2238013394633869,"profitable_chunks":2,"total_chunks":3,"calmar_ratio":5.240394253659373,"_timestamp":1.7548784959181983e+09,"profitability_rate":0.6666666666666666,"largest_loss":-378.87814823630254,"avg_win":320.69578004113544,"largest_win":796.9202521135483,"return_std":85.31572912460643,"profit_factor":1.6665429701910002,"avg_loss":-84.89636025098946,"risk_adjusted_return":22.55106381700592,"avg_chunk_return":64.13201506944635,"_runtime":0}