{"sharpe_ratio":0.6618874440500778,"profitability_rate":0.3333333333333333,"worst_chunk":-4.212883636201195,"_timestamp":1.7549028261964633e+09,"_step":1,"risk_adjusted_return":19.856623321502347,"calmar_ratio":0.734894912814796,"total_trades":51,"profit_factor":1.5061788346905431,"win_loss_ratio":1.5664259880781652,"win_rate":0.49019607843137253,"best_chunk":119.52440487747722,"avg_loss":-86.87888332520336,"return_range":123.73728851367842,"largest_loss":-204.23974086412113,"largest_win":245.5255426719302,"profitable_chunks":1,"total_pnl":1143.3825499399456,"return_std":57.58192273818273,"avg_chunk_return":38.11275166466483,"avg_win":136.0893406558093,"consecutive_wins":6,"_wandb":{"runtime":0},"consecutive_losses":6,"max_drawdown":-51.86149883482699,"total_chunks":3,"_runtime":0}