{"profitability_rate":0.6666666666666666,"total_chunks":3,"total_pnl":138.1896529921729,"win_rate":0.45977011494252873,"_runtime":8,"profitable_chunks":2,"risk_adjusted_return":10.737645448322462,"avg_chunk_return":4.606321766405772,"_timestamp":1.7549027593955777e+09,"win_loss_ratio":1.4181153996554932,"best_chunk":22.056407297341345,"max_drawdown":-85.97829679533228,"total_trades":87,"calmar_ratio":0.053575401445447646,"avg_win":20.1518368703656,"largest_loss":-57.838260075412286,"avg_loss":-14.210294081328744,"worst_chunk":-8.59782967953323,"consecutive_wins":4,"consecutive_losses":6,"profit_factor":1.2069067231110575,"largest_win":69.64743491047201,"return_std":12.869642013907455,"sharpe_ratio":0.3579215149440827,"return_range":30.654236976874575,"_step":1,"_wandb":{"runtime":8}}