{"avg_chunk_return":1.4339850765331967,"consecutive_wins":5,"avg_loss":-23.436010729095475,"total_chunks":7,"_timestamp":1.754902970044857e+09,"max_drawdown":-229.10332712946936,"total_pnl":100.37895535732437,"largest_loss":-79.93241850696498,"profit_factor":1.0764840640493971,"win_rate":0.2727272727272727,"consecutive_losses":9,"profitability_rate":0.42857142857142855,"total_trades":77,"return_std":11.674890304533763,"avg_win":67.27597886603196,"sharpe_ratio":0.12282642826856632,"largest_win":86.83157420215142,"worst_chunk":-11.085372512919674,"best_chunk":27.071946604414165,"win_loss_ratio":2.870624170798394,"calmar_ratio":0.006259119387309607,"profitable_chunks":3,"return_range":38.15731911733384,"_runtime":0,"_step":1,"_wandb":{"runtime":0},"risk_adjusted_return":8.597849978799694}