{"worst_chunk":-71.40516172037009,"total_pnl":1078.0900588684033,"risk_adjusted_return":19.725346518033955,"win_rate":0.5423728813559322,"best_chunk":75.3334673165224,"win_loss_ratio":1.0081924322954685,"profitable_chunks":4,"avg_chunk_return":15.401286555262905,"total_trades":59,"largest_loss":-715.9465642463463,"avg_loss":-204.87604001808475,"_wandb":{"runtime":0},"consecutive_wins":7,"_timestamp":1.754902887319726e+09,"consecutive_losses":6,"_step":1,"return_range":146.7386290368925,"avg_win":206.5544731048966,"largest_win":715.1229253422905,"return_std":54.655063112972755,"profitability_rate":0.5714285714285714,"calmar_ratio":0.011300838657031978,"total_chunks":7,"max_drawdown":-1362.844566025143,"profit_factor":1.1948947345724072,"sharpe_ratio":0.28179066454334223,"_runtime":0}