{"_timestamp":1.7548783584933257e+09,"_wandb":{"runtime":0},"total_trades":33,"avg_loss":-58.71238609544598,"worst_chunk":-11.694595501005585,"win_loss_ratio":2.2687951335931764,"avg_chunk_return":0.9136717910794513,"profitability_rate":0.38095238095238093,"total_chunks":21,"return_std":9.844058690907447,"risk_adjusted_return":17.634762830644263,"largest_loss":-180.07998503751253,"consecutive_wins":3,"profit_factor":1.134397566796588,"calmar_ratio":0.0029267015772683827,"best_chunk":25.302800235482025,"_runtime":0,"_step":1,"consecutive_losses":8,"largest_win":184.55079010085194,"return_range":36.99739573648761,"profitable_chunks":8,"sharpe_ratio":0.09281454121391743,"win_rate":0.3333333333333333,"total_pnl":173.59764030509527,"max_drawdown":-312.18481521174454,"avg_win":133.2063758549915}