{"avg_loss":-72.72067071486742,"profitable_chunks":1,"largest_win":527.2533548326895,"best_chunk":20.704210640812857,"profitability_rate":0.3333333333333333,"largest_loss":-359.77574153656434,"avg_win":151.97570844783317,"avg_chunk_return":5.199405830619185,"max_drawdown":-51.05993148955329,"sharpe_ratio":0.468182037692067,"total_trades":106,"calmar_ratio":0.10182947134746875,"_step":1,"profit_factor":1.0302105580092997,"return_range":25.425084715399713,"consecutive_wins":4,"_runtime":0,"worst_chunk":-4.720874074586857,"total_chunks":3,"return_std":11.105521809956624,"_wandb":{"runtime":0},"win_rate":0.330188679245283,"risk_adjusted_return":14.045461130761993,"total_pnl":155.98217491857534,"win_loss_ratio":2.0898557033902936,"consecutive_losses":9,"_timestamp":1.7549030267405505e+09}