{"total_pnl":69.89549903317865,"consecutive_wins":4,"largest_win":25.968952411485564,"worst_chunk":-2.540055696823356,"profitability_rate":0.35714285714285715,"total_chunks":14,"profit_factor":1.333335742843729,"largest_loss":-23.500581828664483,"best_chunk":4.781379849578707,"_wandb":{"runtime":0},"sharpe_ratio":0.2227651039035455,"avg_loss":-9.531135517504936,"_step":1,"win_rate":0.37142857142857144,"avg_win":21.506190801406714,"win_loss_ratio":2.256414334043234,"calmar_ratio":0.011424172296622737,"_timestamp":1.754878384628677e+09,"total_trades":35,"profitable_chunks":5,"return_std":2.413563324996371,"max_drawdown":-47.06316316933946,"return_range":7.321435546402063,"_runtime":0,"risk_adjusted_return":28.959463507461006,"consecutive_losses":7,"avg_chunk_return":0.5376576848706034}