{"consecutive_wins":2,"_runtime":0,"sharpe_ratio":-0.032546823735911654,"avg_win":421.49111337737355,"avg_chunk_return":-0.9589489843182832,"profitability_rate":0.2857142857142857,"risk_adjusted_return":-5.207491797745878,"_step":1,"win_rate":0.3,"largest_win":542.3040661829702,"total_pnl":-153.43183749092572,"largest_loss":-556.6238926850979,"total_trades":30,"return_range":102.47266252022936,"max_drawdown":-1079.503865803095,"calmar_ratio":-0.0008883238075343757,"best_chunk":65.04467349290539,"return_std":29.463673386358558,"avg_loss":-187.9453265660613,"total_chunks":21,"consecutive_losses":9,"profitable_chunks":6,"_timestamp":1.7548784580725145e+09,"_wandb":{"runtime":0},"worst_chunk":-37.42798902732397,"win_loss_ratio":2.2426261992166254,"profit_factor":0.9611255139499824}