{"sharpe_ratio":0.1250137861301963,"worst_chunk":-5.157175133192459,"max_drawdown":-167.69846390988627,"profit_factor":1.267394380717209,"total_pnl":258.8442723583766,"avg_loss":-15.61329601424494,"risk_adjusted_return":46.25510086817262,"win_rate":0.38,"profitable_chunks":15,"_timestamp":1.7549028493045468e+09,"total_chunks":52,"profitability_rate":0.28846153846153844,"consecutive_losses":9,"_wandb":{"runtime":0},"_step":1,"return_range":27.153998225554236,"avg_chunk_return":0.6995791144820992,"consecutive_wins":8,"best_chunk":21.996823092361776,"total_trades":100,"avg_win":32.286016453725345,"win_loss_ratio":2.0678539895912365,"largest_loss":-44.22540969635635,"largest_win":102.57407233326342,"calmar_ratio":0.004171648911811273,"_runtime":0,"return_std":5.596015736644586}