{"total_chunks":3,"largest_loss":-795.5645639778705,"avg_loss":-162.16375455661867,"profitable_chunks":1,"avg_win":189.0471016199946,"total_trades":49,"sharpe_ratio":0.22386825838142016,"_timestamp":1.7548785129140332e+09,"avg_chunk_return":16.101219165480146,"return_std":71.92274278583685,"best_chunk":111.59707816204418,"calmar_ratio":0.025439009293789398,"_runtime":0,"_step":1,"consecutive_wins":6,"win_rate":0.4897959183673469,"consecutive_losses":6,"risk_adjusted_return":6.7160477514426,"return_range":173.57079099489113,"win_loss_ratio":1.1657790123130736,"worst_chunk":-61.97371283284695,"max_drawdown":-632.9342066560371,"total_pnl":483.03657496440405,"largest_win":444.8145356952891,"profit_factor":1.1191478518205509,"profitability_rate":0.3333333333333333,"_wandb":{"runtime":0}}