{"avg_loss":-103.40890229376919,"_wandb":{"runtime":0},"_step":1,"total_chunks":21,"profitability_rate":0.38095238095238093,"return_std":28.238877964146578,"_runtime":0,"total_pnl":951.9434444227651,"calmar_ratio":0.0057264751144085945,"worst_chunk":-44.77453348869227,"win_loss_ratio":2.8803749150586895,"total_trades":49,"profit_factor":1.2707536389964809,"largest_win":483.02972340909565,"best_chunk":60.11026125932769,"consecutive_losses":7,"risk_adjusted_return":33.71038486838598,"return_range":104.88479474801997,"_timestamp":1.754903020289639e+09,"avg_chunk_return":4.759717222113819,"sharpe_ratio":0.16855192434192967,"win_rate":0.30612244897959184,"profitable_chunks":8,"max_drawdown":-831.1774917414239,"consecutive_wins":2,"largest_loss":-403.5788711013259,"avg_win":297.85640816072777}