{"max_drawdown":-459.49501947710803,"risk_adjusted_return":38.390550426458034,"profit_factor":1.270943576808927,"best_chunk":31.39759133723835,"_step":1,"consecutive_losses":7,"largest_win":226.30268590186984,"sharpe_ratio":0.1919527521322899,"total_trades":63,"avg_chunk_return":2.5908006700649975,"return_range":52.78221831050463,"total_chunks":21,"total_pnl":518.1601340130002,"worst_chunk":-21.38462697326628,"avg_loss":-51.68724836083992,"avg_win":93.48416628323373,"win_loss_ratio":1.8086504746896266,"profitability_rate":0.47619047619047616,"calmar_ratio":0.00563836507523684,"profitable_chunks":10,"return_std":13.49707488580039,"largest_loss":-183.58333977802076,"_timestamp":1.754878522874963e+09,"consecutive_wins":5,"_wandb":{"runtime":0},"_runtime":0,"win_rate":0.4126984126984127}