{"profitability_rate":0.6666666666666666,"_timestamp":1.7548784364291325e+09,"_wandb":{"runtime":0},"largest_win":358.64994482162695,"total_trades":94,"total_chunks":6,"return_std":56.08421453783481,"consecutive_losses":7,"calmar_ratio":0.02361762294101785,"max_drawdown":-810.894462003665,"consecutive_wins":4,"profit_factor":1.306504556418089,"best_chunk":121.94488715976499,"total_pnl":1149.0839789137249,"profitable_chunks":4,"avg_chunk_return":19.151399648562084,"largest_loss":-299.4514520164739,"win_rate":0.40425531914893614,"avg_loss":-66.94633517397692,"worst_chunk":-43.98564969947928,"sharpe_ratio":0.3414757575973969,"return_range":165.93053685924428,"win_loss_ratio":1.9253751357740265,"_step":1,"avg_win":128.8968091751693,"_runtime":0,"risk_adjusted_return":20.488545455843813}