{"consecutive_wins":2,"total_trades":44,"return_range":15.997301667051785,"best_chunk":12.599581789632659,"return_std":5.358308582873025,"win_rate":0.3181818181818182,"_runtime":0,"consecutive_losses":8,"avg_chunk_return":3.175499018823452,"largest_win":74.77682099572496,"_step":1,"worst_chunk":-3.3977198774191266,"profitable_chunks":6,"risk_adjusted_return":65.18939450166734,"avg_loss":-12.342386299904524,"win_loss_ratio":4.164374605311372,"_wandb":{"runtime":0},"profitability_rate":0.5454545454545454,"profit_factor":1.943374815811973,"sharpe_ratio":0.5926308591060668,"calmar_ratio":0.061375739925254524,"avg_win":51.39832007626539,"largest_loss":-29.216243052704844,"total_chunks":11,"_timestamp":1.7549029847106616e+09,"max_drawdown":-51.73866779758066,"total_pnl":349.3048920705796}