{"profitable_chunks":6,"consecutive_wins":2,"_wandb":{"runtime":0},"profitability_rate":0.11538461538461539,"total_trades":25,"_step":1,"risk_adjusted_return":13.422754773630558,"worst_chunk":-4.5039111221354,"_timestamp":1.7549029085032744e+09,"sharpe_ratio":0.0706460777559504,"total_chunks":52,"calmar_ratio":0.0023273184942730245,"max_drawdown":-120.9000344181083,"profit_factor":1.1134242986565135,"total_pnl":53.460848351306566,"consecutive_losses":6,"largest_loss":-63.62517963547914,"return_std":3.982852197846314,"win_rate":0.28,"win_loss_ratio":2.8630910536881773,"largest_win":83.25205128392354,"avg_loss":-26.18528098306724,"best_chunk":7.452144526534449,"return_range":11.95605564866985,"avg_chunk_return":0.28137288605950866,"_runtime":0,"avg_win":74.97084372093097}