{"total_pnl":133.35415324375225,"max_drawdown":-42.67347105608653,"best_chunk":6.404721550747262,"profitable_chunks":6,"return_std":3.0635376797255094,"win_rate":0.34146341463414637,"risk_adjusted_return":43.5294640331307,"profit_factor":1.575908898963215,"sharpe_ratio":0.3957224003011897,"total_chunks":11,"worst_chunk":-3.9099716787747636,"avg_win":26.06488595540831,"largest_win":37.6412468542142,"avg_loss":-8.576083338220892,"win_loss_ratio":3.0392528765719145,"_timestamp":1.7549028941047995e+09,"return_range":10.314693229522026,"total_trades":41,"avg_chunk_return":1.212310484034116,"consecutive_wins":2,"consecutive_losses":7,"profitability_rate":0.5454545454545454,"calmar_ratio":0.028408996363121105,"_step":1,"_runtime":0,"_wandb":{"runtime":0},"largest_loss":-28.290099723768716}