{"total_trades":48,"risk_adjusted_return":18.762557290227715,"largest_win":99.99015867675298,"consecutive_losses":6,"win_loss_ratio":2.492877764945233,"total_pnl":222.84304938224028,"worst_chunk":-1.67451796338205,"_wandb":{"runtime":0},"best_chunk":24.204456554324544,"win_rate":0.375,"largest_loss":-28.411183417307193,"sharpe_ratio":0.6254185763409256,"max_drawdown":-19.20151616100486,"avg_loss":-14.984269075928518,"profit_factor":1.4957266589671394,"calmar_ratio":0.3868497458112165,"_timestamp":1.754902942664729e+09,"profitable_chunks":1,"total_chunks":3,"consecutive_wins":7,"avg_chunk_return":7.428101646074697,"avg_win":37.35395120333865,"return_std":11.877008338213352,"_runtime":0,"_step":1,"profitability_rate":0.3333333333333333,"return_range":25.878974517706595}