{"_step":1,"avg_win":84.16749395275167,"largest_win":122.71326102707859,"avg_chunk_return":3.531601608260962,"calmar_ratio":0.016735331905932148,"return_range":49.02199027875993,"consecutive_losses":7,"largest_loss":-75.30862907252359,"win_loss_ratio":1.8807886547743133,"total_trades":50,"total_pnl":211.89609649565799,"_runtime":0,"profit_factor":1.152741433571353,"_timestamp":1.754878474783838e+09,"total_chunks":6,"best_chunk":30.61658650327299,"win_rate":0.38,"sharpe_ratio":0.2365255883295485,"_wandb":{"runtime":0},"profitable_chunks":3,"consecutive_wins":4,"max_drawdown":-211.02668462817402,"worst_chunk":-18.405403775486935,"profitability_rate":0.5,"return_std":14.931160865945802,"avg_loss":-44.75117060021367,"risk_adjusted_return":14.191535299772928}