{"calmar_ratio":0.015499831382717539,"total_chunks":14,"risk_adjusted_return":30.656202026568476,"avg_win":88.17560751553331,"total_trades":45,"worst_chunk":-11.302722557457729,"win_rate":0.24444444444444444,"sharpe_ratio":0.23581693866591158,"_step":1,"_runtime":0,"largest_win":113.14280876862455,"win_loss_ratio":4.088122508776552,"return_std":7.717684275045776,"total_pnl":236.59488831307397,"return_range":24.735193237291842,"avg_loss":-21.568729245817426,"best_chunk":13.432470679834113,"profitable_chunks":6,"profit_factor":1.322627870486531,"consecutive_losses":7,"avg_chunk_return":1.8199606793313399,"consecutive_wins":3,"largest_loss":-52.553350463834995,"profitability_rate":0.42857142857142855,"_wandb":{"runtime":0},"_timestamp":1.7549029918757982e+09,"max_drawdown":-117.41809535816071}