{"best_chunk":26.39458014586858,"_wandb":{"runtime":0},"profitability_rate":0.5238095238095238,"max_drawdown":-718.1632427766781,"risk_adjusted_return":30.345026240251137,"win_loss_ratio":1.1264273969756247,"avg_win":98.35800597768848,"total_chunks":21,"profitable_chunks":11,"consecutive_losses":7,"largest_win":224.07041178901065,"_runtime":0,"consecutive_wins":9,"return_std":14.4861981545797,"profit_factor":1.2288298876097723,"calmar_ratio":0.0032215521408153454,"worst_chunk":-20.696142651683193,"total_pnl":439.5840631221986,"sharpe_ratio":0.15971066442237442,"win_rate":0.5217391304347826,"_timestamp":1.7549028542268934e+09,"_step":1,"return_range":47.09072279755178,"largest_loss":-223.3315359829927,"total_trades":46,"avg_chunk_return":2.313600332222098,"avg_loss":-87.3185491064693}