{"total_pnl":966.2856459771107,"best_chunk":124.33782373668274,"consecutive_losses":8,"avg_chunk_return":32.20952153257036,"win_rate":0.2641509433962264,"risk_adjusted_return":14.655915802587677,"_timestamp":1.7549028321482105e+09,"win_loss_ratio":3.60068273480135,"avg_win":304.9450254576186,"return_std":65.93144085929461,"_step":1,"consecutive_wins":2,"largest_loss":-369.3666663961344,"profitable_chunks":1,"largest_win":722.8844828400319,"total_trades":53,"worst_chunk":-26.293049501888877,"sharpe_ratio":0.48853052675292263,"_wandb":{"runtime":0},"calmar_ratio":0.11624100583501097,"max_drawdown":-277.09259138971663,"_runtime":0,"profitability_rate":0.3333333333333333,"profit_factor":1.2925527765953566,"avg_loss":-84.6908900110141,"return_range":150.6308732385716,"total_chunks":3}