{"risk_adjusted_return":21.333442269729073,"total_trades":98,"win_rate":0.32653061224489793,"return_range":41.47572310332448,"sharpe_ratio":0.7111147423243018,"consecutive_losses":9,"total_chunks":3,"consecutive_wins":4,"calmar_ratio":0.2986119683812039,"largest_win":433.8828828564086,"_wandb":{"runtime":0},"profitability_rate":0.6666666666666666,"worst_chunk":-4.235925302985902,"largest_loss":-279.6072370060555,"_step":1,"win_loss_ratio":2.278268480440442,"total_pnl":379.469397792104,"_runtime":0,"avg_chunk_return":12.648979926403458,"return_std":17.787537191339688,"_timestamp":1.754878429427227e+09,"avg_loss":-54.958994273848546,"profit_factor":1.104615020819608,"profitable_chunks":2,"max_drawdown":-42.35925302985828,"avg_win":125.21134437081588,"best_chunk":37.23979780033858}