{"largest_loss":-89.24565410337968,"win_rate":0.3409090909090909,"profit_factor":1.1437740044532274,"total_chunks":11,"max_drawdown":-169.8348577421281,"avg_loss":-31.082093337739092,"_timestamp":1.7549030594284582e+09,"return_range":25.812822047767597,"_step":1,"worst_chunk":-12.465417400379692,"return_std":7.557125393664824,"_wandb":{"runtime":0},"avg_win":68.73172136980997,"risk_adjusted_return":17.148731429196133,"total_trades":44,"profitability_rate":0.5454545454545454,"total_pnl":129.59511375271617,"consecutive_losses":7,"calmar_ratio":0.006936958722224228,"consecutive_wins":3,"_runtime":0,"profitable_chunks":6,"best_chunk":13.347404647387906,"sharpe_ratio":0.15589755844723774,"avg_chunk_return":1.1781373977519665,"largest_win":99.75167971131891,"win_loss_ratio":2.2112964086095723}