{"total_trades":60,"max_drawdown":-1325.0220046681743,"risk_adjusted_return":-36.05902919526976,"profitable_chunks":5,"profitability_rate":0.35714285714285715,"largest_win":258.2719044871546,"consecutive_wins":3,"_runtime":0,"sharpe_ratio":-0.2773771476559214,"profit_factor":0.8011929108828301,"_wandb":{"runtime":0},"avg_win":174.40491364321792,"consecutive_losses":8,"_step":1,"total_chunks":14,"avg_loss":-93.29209229720901,"largest_loss":-268.53404075157863,"win_rate":0.3,"return_std":21.60289526061457,"avg_chunk_return":-5.9921494684988925,"return_range":69.88593360634455,"total_pnl":-778.9794309048555,"win_loss_ratio":1.8694501253932703,"_timestamp":1.7548784674148319e+09,"calmar_ratio":-0.004522301854148836,"best_chunk":23.116542341948662,"worst_chunk":-46.769391264395885}