{"win_rate":0.3119266055045872,"avg_chunk_return":-0.17991575065609755,"total_trades":109,"profit_factor":0.9862911973679883,"profitable_chunks":6,"total_chunks":14,"_runtime":0,"consecutive_wins":3,"avg_win":49.49248425912705,"win_loss_ratio":2.1756423471352684,"_timestamp":1.7549028381649907e+09,"_step":1,"consecutive_losses":10,"_wandb":{"runtime":0},"profitability_rate":0.42857142857142855,"best_chunk":16.607329414983134,"largest_win":151.062688939394,"return_std":6.705209606353724,"worst_chunk":-10.059017930127164,"return_range":26.666347345110296,"largest_loss":-88.60654838375127,"risk_adjusted_return":-3.4881903711301168,"avg_loss":-22.748446831941497,"calmar_ratio":-0.001340205186460164,"total_pnl":-23.389047585292218,"max_drawdown":-134.2449294136091,"sharpe_ratio":-0.026832233624078352}