{"worst_chunk":-13.307056216352134,"_timestamp":1.7549030509952154e+09,"calmar_ratio":0.006751398607659719,"best_chunk":24.362909413400757,"total_chunks":14,"avg_win":128.7235417650114,"profit_factor":1.105960631800566,"win_loss_ratio":4.826010029675195,"max_drawdown":-154.56758978762952,"profitable_chunks":5,"profitability_rate":0.35714285714285715,"sharpe_ratio":0.09117593780848243,"consecutive_losses":12,"_runtime":9,"_step":1,"total_pnl":135.66116336259722,"total_trades":59,"risk_adjusted_return":11.852871915102678,"return_range":37.669965629752895,"win_rate":0.1864406779661017,"avg_loss":-26.672870751094333,"consecutive_wins":2,"avg_chunk_return":1.0435474104815206,"largest_loss":-96.94916476298147,"largest_win":162.09289390963033,"_wandb":{"runtime":9},"return_std":11.445425575698717}