{"largest_win":674.3587867369356,"avg_chunk_return":46.844713431353476,"profit_factor":1.334982947223435,"profitable_chunks":1,"win_loss_ratio":1.8484379269247555,"_runtime":0,"calmar_ratio":0.1202678471588831,"total_pnl":1405.341402940604,"_step":1,"win_rate":0.41935483870967744,"best_chunk":179.48446204503347,"profitability_rate":0.3333333333333333,"worst_chunk":-37.13314098013608,"return_range":216.61760302516956,"consecutive_losses":6,"avg_loss":-77.6900466453826,"max_drawdown":-389.5032175097306,"avg_win":143.60522876387856,"total_trades":93,"total_chunks":3,"return_std":94.89215438451296,"sharpe_ratio":0.4936626608932682,"_wandb":{"runtime":0},"largest_loss":-392.77843808035016,"risk_adjusted_return":14.809879826798042,"consecutive_wins":4,"_timestamp":1.7548784244186995e+09}