{"consecutive_wins":2,"worst_chunk":-15.33002049164452,"profit_factor":1.556048472417816,"win_rate":0.2916666666666667,"avg_chunk_return":12.877351497897957,"total_trades":48,"max_drawdown":-211.13537028091957,"total_chunks":6,"win_loss_ratio":3.778974861586125,"largest_win":277.8009944709821,"return_range":64.74936690475788,"total_pnl":772.6410898738765,"profitability_rate":0.5,"largest_loss":-128.19841666380532,"return_std":22.43675523404627,"_step":1,"_timestamp":1.7548784840134337e+09,"consecutive_losses":7,"avg_win":154.4401570395693,"sharpe_ratio":0.5739400088635561,"profitable_chunks":3,"risk_adjusted_return":34.43640053181333,"avg_loss":-40.8682679023557,"_runtime":0,"_wandb":{"runtime":0},"calmar_ratio":0.0609909721936424,"best_chunk":49.41934641311336}