{"largest_loss":-70.12418539936904,"win_loss_ratio":4.441713617058372,"total_trades":48,"return_std":23.364446417786656,"best_chunk":46.158515608142736,"profitable_chunks":1,"return_range":52.1399549805434,"profit_factor":1.6497793434788242,"sharpe_ratio":0.568244881846704,"_timestamp":1.7549029638534744e+09,"total_chunks":3,"calmar_ratio":0.20979813028842054,"consecutive_wins":4,"avg_loss":-17.513717401366016,"consecutive_losses":8,"profitability_rate":0.3333333333333333,"worst_chunk":-5.981439372400666,"risk_adjusted_return":17.0473464554011,"avg_chunk_return":13.276727094088825,"avg_win":77.79091706695961,"total_pnl":398.3018128226643,"_runtime":0,"_step":1,"win_rate":0.2708333333333333,"largest_win":121.10006799474456,"_wandb":{"runtime":0},"max_drawdown":-63.283343258763125}