{"worst_chunk":-16.690782789058495,"largest_loss":-282.99583592632035,"total_chunks":52,"consecutive_losses":6,"_step":1,"calmar_ratio":0.00036088770712580377,"_wandb":{"runtime":0},"_runtime":0,"total_pnl":42.46239399466978,"largest_win":328.6828732180764,"return_range":49.55907011086613,"sharpe_ratio":0.015953831552225683,"win_rate":0.2916666666666667,"profit_factor":1.023257081733595,"win_loss_ratio":2.4850529127815886,"avg_loss":-107.39902411880402,"return_std":14.786553818563176,"profitability_rate":0.11538461538461539,"best_chunk":32.868287321807635,"max_drawdown":-653.6719988000089,"avg_win":266.89225771633403,"risk_adjusted_return":2.8716896794006255,"total_trades":24,"consecutive_wins":4,"avg_chunk_return":0.23590218885927636,"profitable_chunks":6,"_timestamp":1.7548783911004121e+09}