{"largest_loss":-85.8857664515466,"total_trades":45,"win_loss_ratio":1.4114111658214497,"largest_win":66.17375043383959,"total_pnl":253.47173240047547,"profitability_rate":0.3333333333333333,"return_std":21.33758717858836,"avg_win":44.43557383329631,"_runtime":0,"total_chunks":3,"worst_chunk":-12.14218877721238,"max_drawdown":-125.00893982809649,"_timestamp":1.754902860055961e+09,"_wandb":{"runtime":0},"calmar_ratio":0.06758762819923973,"profitable_chunks":1,"_step":1,"best_chunk":37.84806722285721,"consecutive_wins":5,"avg_chunk_return":8.449057746682517,"avg_loss":-31.48308225791493,"consecutive_losses":6,"profit_factor":1.3500454629596477,"return_range":49.99025600006959,"sharpe_ratio":0.3959706257303964,"risk_adjusted_return":11.879118771911891,"win_rate":0.4888888888888889}