{"_wandb":{"runtime":0},"return_range":11.177298553310663,"_timestamp":1.7548783795444846e+09,"best_chunk":6.718919699731169,"largest_win":54.033577433086876,"total_chunks":21,"consecutive_losses":9,"_runtime":0,"avg_chunk_return":0.40909561813078543,"win_rate":0.35714285714285715,"profit_factor":1.210845522589284,"total_pnl":81.81912362615714,"avg_loss":-14.372313316715914,"profitability_rate":0.38095238095238093,"avg_win":31.324772211832446,"win_loss_ratio":2.179521940660711,"total_trades":42,"profitable_chunks":8,"risk_adjusted_return":25.85947385770005,"return_std":3.1639902681853775,"consecutive_wins":4,"largest_loss":-34.27880492385825,"worst_chunk":-4.458378853579495,"max_drawdown":-91.20917849272274,"calmar_ratio":0.004485246165915481,"sharpe_ratio":0.12929736928850016,"_step":1}