{"sharpe_ratio":0.14881251845790175,"largest_win":205.45303867280865,"consecutive_wins":4,"_runtime":0,"return_std":17.81593318217686,"risk_adjusted_return":19.34562739952724,"max_drawdown":-447.7644411874105,"return_range":66.69580680909286,"calmar_ratio":0.0059210460716503654,"win_rate":0.2894736842105263,"avg_loss":-53.728984179605554,"best_chunk":39.406312627169946,"profit_factor":1.2375849903816685,"win_loss_ratio":3.037708612755005,"_step":1,"total_chunks":13,"_timestamp":1.7549028820944853e+09,"largest_loss":-197.7590125453106,"total_pnl":344.66040511726715,"consecutive_losses":6,"_wandb":{"runtime":0},"profitability_rate":0.46153846153846156,"worst_chunk":-27.289494181922908,"avg_chunk_return":2.651233885517438,"profitable_chunks":6,"total_trades":38,"avg_win":163.21299799696519}