{"worst_chunk":-1.0744661749788178,"_runtime":0,"calmar_ratio":5.507987931861202,"win_rate":0.34146341463414637,"profit_factor":1.6721047374069828,"max_drawdown":-10.744661749788293,"profitable_chunks":2,"return_std":76.61460228221188,"risk_adjusted_return":23.17370272253119,"largest_loss":-313.4350706030376,"consecutive_wins":4,"_wandb":{"runtime":0},"avg_win":315.50443463239554,"profitability_rate":0.6666666666666666,"consecutive_losses":6,"_timestamp":1.7548784894934754e+09,"sharpe_ratio":0.7724567574177063,"win_loss_ratio":3.224773422142038,"_step":1,"return_range":168.36859600513094,"total_chunks":3,"best_chunk":167.29412983015212,"largest_win":667.8267922247757,"total_trades":41,"avg_loss":-97.83770619854074,"total_pnl":1775.4440174929375,"avg_chunk_return":59.18146724976459}