{"consecutive_wins":5,"max_drawdown":-3.8190598049209257,"largest_loss":-52.01319573381325,"_step":1,"return_range":43.27354166867915,"worst_chunk":-0.38190598049209257,"_runtime":0,"largest_win":177.00669933782305,"best_chunk":42.89163568818706,"avg_win":67.87013779253898,"profitable_chunks":2,"avg_loss":-23.580126356191055,"calmar_ratio":4.101957917653443,"consecutive_losses":6,"total_chunks":3,"win_rate":0.3695652173913043,"profit_factor":1.6872658883550136,"return_std":19.354047619619728,"avg_chunk_return":15.665622604787403,"sharpe_ratio":0.8094235848064533,"_timestamp":1.754902766826049e+09,"profitability_rate":0.6666666666666666,"win_loss_ratio":2.8782771036644346,"total_trades":46,"total_pnl":469.96867814362224,"_wandb":{"runtime":0},"risk_adjusted_return":24.282707544193606}