{"return_std":12.815221949289631,"max_drawdown":-115.7353637322168,"profitable_chunks":6,"win_rate":0.32558139534883723,"_wandb":{"runtime":0},"risk_adjusted_return":61.590788836776554,"worst_chunk":-7.763813051471868,"return_range":38.10395053154156,"avg_loss":-31.04261424460241,"_runtime":0,"total_trades":43,"profit_factor":1.8767698612909658,"largest_loss":-76.16256218049814,"total_chunks":11,"largest_win":184.59773150320723,"best_chunk":30.34013748006969,"win_loss_ratio":3.887594712674144,"_timestamp":1.7549028145494032e+09,"consecutive_wins":2,"profitability_rate":0.5454545454545454,"consecutive_losses":8,"avg_chunk_return":7.175451172501107,"total_pnl":789.2996289751217,"avg_win":120.68110300489941,"_step":1,"sharpe_ratio":0.5599162621525142,"calmar_ratio":0.06199877842958475}