{"profit_factor":1.115801998102299,"avg_win":203.67348406002975,"return_std":14.356016793246836,"total_pnl":190.241788500555,"max_drawdown":-492.67983342919524,"total_chunks":21,"best_chunk":41.70480781112544,"avg_loss":-58.67212742998974,"_runtime":0,"_wandb":{"runtime":0},"largest_loss":-141.80945498331982,"_timestamp":1.754878413042345e+09,"worst_chunk":-18.32338430226636,"profitability_rate":0.3333333333333333,"return_range":60.028192113391796,"win_rate":0.24324324324324326,"total_trades":37,"largest_win":250.31795828333355,"win_loss_ratio":3.4713839940960423,"profitable_chunks":7,"risk_adjusted_return":13.251711198195727,"avg_chunk_return":1.001272571055552,"calmar_ratio":0.002032298671708162,"consecutive_wins":2,"sharpe_ratio":0.0697458484115564,"consecutive_losses":9,"_step":1}