{"win_rate":0.23529411764705882,"consecutive_losses":8,"_wandb":{"runtime":0},"risk_adjusted_return":18.696453327904138,"avg_loss":-30.56493160992941,"best_chunk":23.810316719819095,"profit_factor":1.1816008689460185,"total_chunks":52,"profitability_rate":0.1346153846153846,"worst_chunk":-14.364568887875542,"return_range":38.174885607694634,"return_std":7.718900964773874,"consecutive_wins":2,"_runtime":0,"calmar_ratio":0.002519961979405114,"sharpe_ratio":0.06924612343668222,"_step":1,"_timestamp":1.754902792909361e+09,"largest_win":147.4703406972828,"max_drawdown":-212.1079497907493,"avg_chunk_return":0.5345039690022572,"largest_loss":-117.1073366560834,"win_loss_ratio":3.8402028240745603,"avg_win":117.37553668609671,"profitable_chunks":7,"total_trades":34,"total_pnl":144.31607163060895}