{"consecutive_losses":10,"total_trades":45,"consecutive_wins":3,"win_rate":0.26666666666666666,"_wandb":{"runtime":0},"avg_win":41.27396705788848,"avg_loss":-17.249214635585425,"win_loss_ratio":2.3928026828966216,"profitability_rate":0.17307692307692307,"worst_chunk":-7.911043147674889,"sharpe_ratio":-0.08075600936015535,"total_chunks":52,"calmar_ratio":-0.0011712299058975373,"profitable_chunks":9,"_runtime":0,"total_pnl":-73.93647827965712,"return_std":3.051846290468823,"return_range":15.55086287135681,"avg_chunk_return":-0.24645492759885565,"largest_win":61.386547705369864,"best_chunk":7.639819723681922,"_step":1,"_timestamp":1.7549028002954502e+09,"largest_loss":-64.64113238995071,"risk_adjusted_return":-24.226802808046745,"profit_factor":0.8701100665078625,"max_drawdown":-210.42403917272947}