{"largest_loss":-293.34602571643234,"profitability_rate":0.42857142857142855,"profit_factor":1.1597468783456226,"profitable_chunks":6,"return_std":36.68592624086957,"total_chunks":14,"_runtime":0,"risk_adjusted_return":18.525885699093678,"_timestamp":1.7549028211507788e+09,"win_rate":0.5128205128205128,"worst_chunk":-42.556385287737655,"consecutive_wins":7,"max_drawdown":-1065.5084207728758,"largest_win":496.2602888127349,"win_loss_ratio":1.1017595344283415,"avg_win":123.35288445965575,"sharpe_ratio":0.14250681306995144,"total_pnl":679.6392763037311,"best_chunk":103.60340667906401,"avg_chunk_return":5.227994433105627,"return_range":146.15979196680166,"_wandb":{"runtime":0},"total_trades":78,"avg_loss":-111.95989742322365,"_step":1,"calmar_ratio":0.0049065726100160295,"consecutive_losses":6}