{"_timestamp":1.7549028661471162e+09,"profit_factor":1.2729152459021136,"best_chunk":12.615815843432118,"total_trades":38,"avg_chunk_return":1.7596017980020955,"_step":1,"avg_loss":-30.835532226105062,"largest_loss":-67.27437354067575,"_wandb":{"runtime":0},"profitable_chunks":7,"win_rate":0.39473684210526316,"consecutive_wins":3,"_runtime":0,"total_chunks":11,"avg_win":60.18489593204312,"return_std":6.435150695886599,"consecutive_losses":7,"profitability_rate":0.6363636363636364,"total_pnl":193.55619778023018,"win_loss_ratio":1.9518033770499077,"worst_chunk":-7.617303801857611,"max_drawdown":-166.44955671564261,"largest_win":75.58912769374497,"risk_adjusted_return":30.077958843132123,"calmar_ratio":0.010571381700992727,"return_range":20.23311964528973,"sharpe_ratio":0.2734359894830198}